0;1;2;3;4;5;6;7;;;;;;;;;;;;;;;;;;;;;;;;
25;24;27;26;29;28;31;30;;;;;;;;;;;;;;;;;;;;;;;;
57;56;59;58;61;60;63;62;;;;;;;;;;;;;;;;;;;;;;;;
89;88;91;90;93;92;95;94;;;;;;;;;;;;;;;;;;;;;;;;
121;120;123;122;125;124;127;126;;;;;;;;;;;;;;;;;;;;;;;;
;;;;;;;;;;;;;;;;;;;;;;;;;;;;;;;
;;;;;;;;;;;;;;;;;;;;;;;;;;;;;;;
;;;;;;;;;;;;;;;;;;;;;;;;;;;;;;;
1;0;3;2;5;4;7;6;8;9;10;11;12;13;14;15;16;17;18;19;20;21;22;23;25;24;27;26;29;28;31;30
32;33;34;35;36;37;38;39;40;41;42;43;44;45;46;47;48;49;50;51;52;53;54;55;57;56;59;58;61;60;63;62
64;65;66;67;68;69;70;71;72;73;74;75;76;77;78;79;80;81;82;83;84;85;86;87;89;88;91;90;93;92;95;94
96;97;98;99;100;101;102;103;104;105;106;107;108;109;110;111;112;113;114;115;116;117;118;119;121;120;123;122;125;124;127;126
